phenotype,t_stat,p_value
Phenotype_A,175.8485333149759,0.0
Phenotype_B,-17.564510306047183,4.833586765687473e-69
Phenotype_C,-183.06273173452647,0.0
Phenotype_D,-209.0584105400614,0.0
Phenotype_E,499.40380849703996,0.0
